Crop,RPR,SAF,source_name,explanation,reference,saf_reference,rpr_last_updated,saf_last_updated
BUSH/YARD/SLOUGH,0,0.2,None,Assumes no agricultural residue = no biomass,None,None,2025-09-07,2025-09-08
TOO WET TO SEED,0,0.2,None,Assumes too wet to seed leads to no yield or biomass.,None,None,2025-09-06,2025-09-08
CAULIFLOWER,0.4,0.2,Cabbage,Closest to cabbage but low confidence. RPR = 27.78/71.1 = .385.,"Naik, M. H., Naik, B. R., & Patil, B. R. (2014). Estimation of crop residue of cabbage var. Unnathi and their nutritional value. Bioved, 25(1), 39–42. Table 1, p. 41.","""The total quantity of sustainably harvestable crop residue in Ontario is 3.12 million tonne/year, which is approximately 20% of total above-ground crop residues produced annually in the province."" ((Western Sarnia Lambton Research Park, 2012, p. 6). Western Sarnia-Lambton Research Park. (2012, August). Biomass crop residues availability for bio-processing in Ontario. Report prepared for the Ontario Federation of Agriculture.",2025-09-06,2025-09-08
ASPARAGUS,1,0.2,Generic value for crops not indicated below,Couldn't find a more crop-specifc source.,"Lal, R. (2005). World crop residues production and implications of its use as a biofuel. Environment International, 31(4), 575–584. Table 4, p. 578.","""The total quantity of sustainably harvestable crop residue in Ontario is 3.12 million tonne/year, which is approximately 20% of total above-ground crop residues produced annually in the province."" ((Western Sarnia Lambton Research Park, 2012, p. 6). Western Sarnia-Lambton Research Park. (2012, August). Biomass crop residues availability for bio-processing in Ontario. Report prepared for the Ontario Federation of Agriculture.",2025-09-06,2025-09-08
CABBAGE,0.39,0.2,Cabbage,Estimation of crop residue of cabbage var. Unnathi and their nutritional value. RPR = 27.78/71.1 = .385,"Naik, M. H., Naik, B. R., & Patil, B. R. (2014). Estimation of crop residue of cabbage var. Unnathi and their nutritional value. Bioved, 25(1), 39–42. Table 1, p. 41.","""The total quantity of sustainably harvestable crop residue in Ontario is 3.12 million tonne/year, which is approximately 20% of total above-ground crop residues produced annually in the province."" ((Western Sarnia Lambton Research Park, 2012, p. 6). Western Sarnia-Lambton Research Park. (2012, August). Biomass crop residues availability for bio-processing in Ontario. Report prepared for the Ontario Federation of Agriculture.",2025-09-06,2025-09-08
SPELT,1.5,0.2,Wheat,Hulled wheat type; agronomically equivalent.,"Lal, R. (2005). World crop residues production and implications of its use as a biofuel. Environment International, 31(4), 575–584. Table 4, p. 578.","""The total quantity of sustainably harvestable crop residue in Ontario is 3.12 million tonne/year, which is approximately 20% of total above-ground crop residues produced annually in the province."" ((Western Sarnia Lambton Research Park, 2012, p. 6). Western Sarnia-Lambton Research Park. (2012, August). Biomass crop residues availability for bio-processing in Ontario. Report prepared for the Ontario Federation of Agriculture.",2025-09-06,2025-09-08
TRITICALE,1.5,0.2,Triticale,"Hybrid of wheat and rye; residue ratio equivalent to small-grain cereals. “Regardless of environmental conditions triticale produced more biomass than wheat mainly due to greater RUE.” (Estrada-Campuzano et al. (2012, p.178)). So this RPR is conservative.","Estrada-Campuzano, G., Miralles, D. J., & Slafer, G. A. (2012). Genotypic differences in the duration of stem elongation in wheat and their relationship with yield components. Field Crops Research, 130, 87–95.","""The total quantity of sustainably harvestable crop residue in Ontario is 3.12 million tonne/year, which is approximately 20% of total above-ground crop residues produced annually in the province."" ((Western Sarnia Lambton Research Park, 2012, p. 6). Western Sarnia-Lambton Research Park. (2012, August). Biomass crop residues availability for bio-processing in Ontario. Report prepared for the Ontario Federation of Agriculture.",2025-09-06,2025-09-08
BARLEY,1.5,0.2,Barley,Mapped to Barley from Lal (2005) Table 4.,"Lal, R. (2005). World crop residues production and implications of its use as a biofuel. Environment International, 31(4), 575–584. Table 4, p. 578.","""The total quantity of sustainably harvestable crop residue in Ontario is 3.12 million tonne/year, which is approximately 20% of total above-ground crop residues produced annually in the province."" ((Western Sarnia Lambton Research Park, 2012, p. 6). Western Sarnia-Lambton Research Park. (2012, August). Biomass crop residues availability for bio-processing in Ontario. Report prepared for the Ontario Federation of Agriculture.",2025-09-06,2025-09-08
ORGANIC BARLEY,1.5,0.2,Barley,Mapped to Barley from Lal (2005) Table 4.,"Lal, R. (2005). World crop residues production and implications of its use as a biofuel. Environment International, 31(4), 575–584. Table 4, p. 578.","""The total quantity of sustainably harvestable crop residue in Ontario is 3.12 million tonne/year, which is approximately 20% of total above-ground crop residues produced annually in the province."" ((Western Sarnia Lambton Research Park, 2012, p. 6). Western Sarnia-Lambton Research Park. (2012, August). Biomass crop residues availability for bio-processing in Ontario. Report prepared for the Ontario Federation of Agriculture.",2025-09-06,2025-09-08
ADZUKI BEANS,1,0.2,Beans,Mapped to Beans from Lal (2005) Table 4.,"Lal, R. (2005). World crop residues production and implications of its use as a biofuel. Environment International, 31(4), 575–584. Table 4, p. 578.","""The total quantity of sustainably harvestable crop residue in Ontario is 3.12 million tonne/year, which is approximately 20% of total above-ground crop residues produced annually in the province."" ((Western Sarnia Lambton Research Park, 2012, p. 6). Western Sarnia-Lambton Research Park. (2012, August). Biomass crop residues availability for bio-processing in Ontario. Report prepared for the Ontario Federation of Agriculture.",2025-09-06,2025-09-08
BLACK BEANS,1,0.2,Beans,Mapped to Beans from Lal (2005) Table 4.,"Lal, R. (2005). World crop residues production and implications of its use as a biofuel. Environment International, 31(4), 575–584. Table 4, p. 578.","""The total quantity of sustainably harvestable crop residue in Ontario is 3.12 million tonne/year, which is approximately 20% of total above-ground crop residues produced annually in the province."" ((Western Sarnia Lambton Research Park, 2012, p. 6). Western Sarnia-Lambton Research Park. (2012, August). Biomass crop residues availability for bio-processing in Ontario. Report prepared for the Ontario Federation of Agriculture.",2025-09-06,2025-09-08
CRANBERRY BEANS,1,0.2,Beans,Mapped to Beans from Lal (2005) Table 4.,"Lal, R. (2005). World crop residues production and implications of its use as a biofuel. Environment International, 31(4), 575–584. Table 4, p. 578.","""The total quantity of sustainably harvestable crop residue in Ontario is 3.12 million tonne/year, which is approximately 20% of total above-ground crop residues produced annually in the province."" ((Western Sarnia Lambton Research Park, 2012, p. 6). Western Sarnia-Lambton Research Park. (2012, August). Biomass crop residues availability for bio-processing in Ontario. Report prepared for the Ontario Federation of Agriculture.",2025-09-06,2025-09-08
FABABEANS,1,0.2,Beans,Mapped to Beans from Lal (2005) Table 4.,"Lal, R. (2005). World crop residues production and implications of its use as a biofuel. Environment International, 31(4), 575–584. Table 4, p. 578.","""The total quantity of sustainably harvestable crop residue in Ontario is 3.12 million tonne/year, which is approximately 20% of total above-ground crop residues produced annually in the province."" ((Western Sarnia Lambton Research Park, 2012, p. 6). Western Sarnia-Lambton Research Park. (2012, August). Biomass crop residues availability for bio-processing in Ontario. Report prepared for the Ontario Federation of Agriculture.",2025-09-06,2025-09-08
KIDNEY BEANS,1,0.2,Beans,Mapped to Beans from Lal (2005) Table 4.,"Lal, R. (2005). World crop residues production and implications of its use as a biofuel. Environment International, 31(4), 575–584. Table 4, p. 578.","""The total quantity of sustainably harvestable crop residue in Ontario is 3.12 million tonne/year, which is approximately 20% of total above-ground crop residues produced annually in the province."" ((Western Sarnia Lambton Research Park, 2012, p. 6). Western Sarnia-Lambton Research Park. (2012, August). Biomass crop residues availability for bio-processing in Ontario. Report prepared for the Ontario Federation of Agriculture.",2025-09-06,2025-09-08
OTH DRY EDIBLE BEANS,1,0.2,Beans,Mapped to Beans from Lal (2005) Table 4.,"Lal, R. (2005). World crop residues production and implications of its use as a biofuel. Environment International, 31(4), 575–584. Table 4, p. 578.","""The total quantity of sustainably harvestable crop residue in Ontario is 3.12 million tonne/year, which is approximately 20% of total above-ground crop residues produced annually in the province."" ((Western Sarnia Lambton Research Park, 2012, p. 6). Western Sarnia-Lambton Research Park. (2012, August). Biomass crop residues availability for bio-processing in Ontario. Report prepared for the Ontario Federation of Agriculture.",2025-09-06,2025-09-08
PINTO BEANS,1,0.2,Beans,Mapped to Beans from Lal (2005) Table 4.,"Lal, R. (2005). World crop residues production and implications of its use as a biofuel. Environment International, 31(4), 575–584. Table 4, p. 578.","""The total quantity of sustainably harvestable crop residue in Ontario is 3.12 million tonne/year, which is approximately 20% of total above-ground crop residues produced annually in the province."" ((Western Sarnia Lambton Research Park, 2012, p. 6). Western Sarnia-Lambton Research Park. (2012, August). Biomass crop residues availability for bio-processing in Ontario. Report prepared for the Ontario Federation of Agriculture.",2025-09-07,2025-09-08
SMALL RED BEANS,1,0.2,Beans,Mapped to Beans from Lal (2005) Table 4.,"Lal, R. (2005). World crop residues production and implications of its use as a biofuel. Environment International, 31(4), 575–584. Table 4, p. 578.","""The total quantity of sustainably harvestable crop residue in Ontario is 3.12 million tonne/year, which is approximately 20% of total above-ground crop residues produced annually in the province."" ((Western Sarnia Lambton Research Park, 2012, p. 6). Western Sarnia-Lambton Research Park. (2012, August). Biomass crop residues availability for bio-processing in Ontario. Report prepared for the Ontario Federation of Agriculture.",2025-09-07,2025-09-08
SOYBEANS,1,0.2,Beans,Mapped to Beans from Lal (2005) Table 4.,"Lal, R. (2005). World crop residues production and implications of its use as a biofuel. Environment International, 31(4), 575–584. Table 4, p. 578.","""The total quantity of sustainably harvestable crop residue in Ontario is 3.12 million tonne/year, which is approximately 20% of total above-ground crop residues produced annually in the province."" ((Western Sarnia Lambton Research Park, 2012, p. 6). Western Sarnia-Lambton Research Park. (2012, August). Biomass crop residues availability for bio-processing in Ontario. Report prepared for the Ontario Federation of Agriculture.",2025-09-06,2025-09-08
WHITE PEA BEANS,1,0.2,Beans,Mapped to Beans from Lal (2005) Table 4.,"Lal, R. (2005). World crop residues production and implications of its use as a biofuel. Environment International, 31(4), 575–584. Table 4, p. 578.","""The total quantity of sustainably harvestable crop residue in Ontario is 3.12 million tonne/year, which is approximately 20% of total above-ground crop residues produced annually in the province."" ((Western Sarnia Lambton Research Park, 2012, p. 6). Western Sarnia-Lambton Research Park. (2012, August). Biomass crop residues availability for bio-processing in Ontario. Report prepared for the Ontario Federation of Agriculture.",2025-09-06,2025-09-08
GRAIN CORN,1,0.2,Corn,Mapped to Corn from Lal (2005) Table 4.,"Lal, R. (2005). World crop residues production and implications of its use as a biofuel. Environment International, 31(4), 575–584. Table 4, p. 578.","""The total quantity of sustainably harvestable crop residue in Ontario is 3.12 million tonne/year, which is approximately 20% of total above-ground crop residues produced annually in the province."" ((Western Sarnia Lambton Research Park, 2012, p. 6). Western Sarnia-Lambton Research Park. (2012, August). Biomass crop residues availability for bio-processing in Ontario. Report prepared for the Ontario Federation of Agriculture.",2025-09-06,2025-09-08
NON-CORN SILAGE,1,0.2,Corn,Mapped to Corn from Lal (2005) Table 4.,"Lal, R. (2005). World crop residues production and implications of its use as a biofuel. Environment International, 31(4), 575–584. Table 4, p. 578.","""The total quantity of sustainably harvestable crop residue in Ontario is 3.12 million tonne/year, which is approximately 20% of total above-ground crop residues produced annually in the province."" ((Western Sarnia Lambton Research Park, 2012, p. 6). Western Sarnia-Lambton Research Park. (2012, August). Biomass crop residues availability for bio-processing in Ontario. Report prepared for the Ontario Federation of Agriculture.",2025-09-06,2025-09-08
OPEN POL SILAGE CORN,1,0.2,Corn,Mapped to Corn from Lal (2005) Table 4.,"Lal, R. (2005). World crop residues production and implications of its use as a biofuel. Environment International, 31(4), 575–584. Table 4, p. 578.","""The total quantity of sustainably harvestable crop residue in Ontario is 3.12 million tonne/year, which is approximately 20% of total above-ground crop residues produced annually in the province."" ((Western Sarnia Lambton Research Park, 2012, p. 6). Western Sarnia-Lambton Research Park. (2012, August). Biomass crop residues availability for bio-processing in Ontario. Report prepared for the Ontario Federation of Agriculture.",2025-09-06,2025-09-08
OPEN POLLINATED CORN,1,0.2,Corn,Mapped to Corn from Lal (2005) Table 4.,"Lal, R. (2005). World crop residues production and implications of its use as a biofuel. Environment International, 31(4), 575–584. Table 4, p. 578.","""The total quantity of sustainably harvestable crop residue in Ontario is 3.12 million tonne/year, which is approximately 20% of total above-ground crop residues produced annually in the province."" ((Western Sarnia Lambton Research Park, 2012, p. 6). Western Sarnia-Lambton Research Park. (2012, August). Biomass crop residues availability for bio-processing in Ontario. Report prepared for the Ontario Federation of Agriculture.",2025-09-06,2025-09-08
SILAGE CORN,1,0.2,Corn,Mapped to Corn from Lal (2005) Table 4.,"Lal, R. (2005). World crop residues production and implications of its use as a biofuel. Environment International, 31(4), 575–584. Table 4, p. 578.","""The total quantity of sustainably harvestable crop residue in Ontario is 3.12 million tonne/year, which is approximately 20% of total above-ground crop residues produced annually in the province."" ((Western Sarnia Lambton Research Park, 2012, p. 6). Western Sarnia-Lambton Research Park. (2012, August). Biomass crop residues availability for bio-processing in Ontario. Report prepared for the Ontario Federation of Agriculture.",2025-09-06,2025-09-08
SWEET CORN,1,0.2,Corn,Mapped to Corn from Lal (2005) Table 4.,"Lal, R. (2005). World crop residues production and implications of its use as a biofuel. Environment International, 31(4), 575–584. Table 4, p. 578.","""The total quantity of sustainably harvestable crop residue in Ontario is 3.12 million tonne/year, which is approximately 20% of total above-ground crop residues produced annually in the province."" ((Western Sarnia Lambton Research Park, 2012, p. 6). Western Sarnia-Lambton Research Park. (2012, August). Biomass crop residues availability for bio-processing in Ontario. Report prepared for the Ontario Federation of Agriculture.",2025-09-06,2025-09-08
LENTILS,1,0.2,Lentils,Mapped to Lentils from Lal (2005) Table 4.,"Lal, R. (2005). World crop residues production and implications of its use as a biofuel. Environment International, 31(4), 575–584. Table 4, p. 578.","""The total quantity of sustainably harvestable crop residue in Ontario is 3.12 million tonne/year, which is approximately 20% of total above-ground crop residues produced annually in the province."" ((Western Sarnia Lambton Research Park, 2012, p. 6). Western Sarnia-Lambton Research Park. (2012, August). Biomass crop residues availability for bio-processing in Ontario. Report prepared for the Ontario Federation of Agriculture.",2025-09-06,2025-09-08
FLAX,1,0.2,Linseed,Mapped to Linseed from Lal (2005) Table 4.,"Lal, R. (2005). World crop residues production and implications of its use as a biofuel. Environment International, 31(4), 575–584. Table 4, p. 578.","""The total quantity of sustainably harvestable crop residue in Ontario is 3.12 million tonne/year, which is approximately 20% of total above-ground crop residues produced annually in the province."" ((Western Sarnia Lambton Research Park, 2012, p. 6). Western Sarnia-Lambton Research Park. (2012, August). Biomass crop residues availability for bio-processing in Ontario. Report prepared for the Ontario Federation of Agriculture.",2025-09-06,2025-09-08
ORGANIC FLAX,1,0.2,Linseed,Mapped to Linseed from Lal (2005) Table 4.,"Lal, R. (2005). World crop residues production and implications of its use as a biofuel. Environment International, 31(4), 575–584. Table 4, p. 578.","""The total quantity of sustainably harvestable crop residue in Ontario is 3.12 million tonne/year, which is approximately 20% of total above-ground crop residues produced annually in the province."" ((Western Sarnia Lambton Research Park, 2012, p. 6). Western Sarnia-Lambton Research Park. (2012, August). Biomass crop residues availability for bio-processing in Ontario. Report prepared for the Ontario Federation of Agriculture.",2025-09-06,2025-09-08
MILLET (FOXTAIL SEED),1.5,0.2,Millet,Mapped to Millet from Lal (2005) Table 4.,"Lal, R. (2005). World crop residues production and implications of its use as a biofuel. Environment International, 31(4), 575–584. Table 4, p. 578.","""The total quantity of sustainably harvestable crop residue in Ontario is 3.12 million tonne/year, which is approximately 20% of total above-ground crop residues produced annually in the province."" ((Western Sarnia Lambton Research Park, 2012, p. 6). Western Sarnia-Lambton Research Park. (2012, August). Biomass crop residues availability for bio-processing in Ontario. Report prepared for the Ontario Federation of Agriculture.",2025-09-06,2025-09-08
PROSO MILLET,1.5,0.2,Millet,Mapped to Millet from Lal (2005) Table 4.,"Lal, R. (2005). World crop residues production and implications of its use as a biofuel. Environment International, 31(4), 575–584. Table 4, p. 578.","""The total quantity of sustainably harvestable crop residue in Ontario is 3.12 million tonne/year, which is approximately 20% of total above-ground crop residues produced annually in the province."" ((Western Sarnia Lambton Research Park, 2012, p. 6). Western Sarnia-Lambton Research Park. (2012, August). Biomass crop residues availability for bio-processing in Ontario. Report prepared for the Ontario Federation of Agriculture.",2025-09-07,2025-09-08
OATS,1,0.2,Oats,Mapped to Oats from Lal (2005) Table 4.,"Lal, R. (2005). World crop residues production and implications of its use as a biofuel. Environment International, 31(4), 575–584. Table 4, p. 578.","""The total quantity of sustainably harvestable crop residue in Ontario is 3.12 million tonne/year, which is approximately 20% of total above-ground crop residues produced annually in the province."" ((Western Sarnia Lambton Research Park, 2012, p. 6). Western Sarnia-Lambton Research Park. (2012, August). Biomass crop residues availability for bio-processing in Ontario. Report prepared for the Ontario Federation of Agriculture.",2025-09-06,2025-09-08
ORGANIC OATS,1,0.2,Oats,Mapped to Oats from Lal (2005) Table 4.,"Lal, R. (2005). World crop residues production and implications of its use as a biofuel. Environment International, 31(4), 575–584. Table 4, p. 578.","""The total quantity of sustainably harvestable crop residue in Ontario is 3.12 million tonne/year, which is approximately 20% of total above-ground crop residues produced annually in the province."" ((Western Sarnia Lambton Research Park, 2012, p. 6). Western Sarnia-Lambton Research Park. (2012, August). Biomass crop residues availability for bio-processing in Ontario. Report prepared for the Ontario Federation of Agriculture.",2025-09-06,2025-09-08
FIELD PEAS,1,0.2,Peas,Mapped to Peas from Lal (2005) Table 4.,"Lal, R. (2005). World crop residues production and implications of its use as a biofuel. Environment International, 31(4), 575–584. Table 4, p. 578.","""The total quantity of sustainably harvestable crop residue in Ontario is 3.12 million tonne/year, which is approximately 20% of total above-ground crop residues produced annually in the province."" ((Western Sarnia Lambton Research Park, 2012, p. 6). Western Sarnia-Lambton Research Park. (2012, August). Biomass crop residues availability for bio-processing in Ontario. Report prepared for the Ontario Federation of Agriculture.",2025-09-06,2025-09-08
ORGANIC FIELD PEAS,1,0.2,Peas,Mapped to Peas from Lal (2005) Table 4.,"Lal, R. (2005). World crop residues production and implications of its use as a biofuel. Environment International, 31(4), 575–584. Table 4, p. 578.","""The total quantity of sustainably harvestable crop residue in Ontario is 3.12 million tonne/year, which is approximately 20% of total above-ground crop residues produced annually in the province."" ((Western Sarnia Lambton Research Park, 2012, p. 6). Western Sarnia-Lambton Research Park. (2012, August). Biomass crop residues availability for bio-processing in Ontario. Report prepared for the Ontario Federation of Agriculture.",2025-09-06,2025-09-08
PROC POTATOES-DRYLND,0.25,0.2,Potato,Mapped to Potato from Lal (2005) Table 4.,"Lal, R. (2005). World crop residues production and implications of its use as a biofuel. Environment International, 31(4), 575–584. Table 4, p. 578.","""The total quantity of sustainably harvestable crop residue in Ontario is 3.12 million tonne/year, which is approximately 20% of total above-ground crop residues produced annually in the province."" ((Western Sarnia Lambton Research Park, 2012, p. 6). Western Sarnia-Lambton Research Park. (2012, August). Biomass crop residues availability for bio-processing in Ontario. Report prepared for the Ontario Federation of Agriculture.",2025-09-06,2025-09-08
PROC POTATOES-IRRIG,0.25,0.2,Potato,Mapped to Potato from Lal (2005) Table 4.,"Lal, R. (2005). World crop residues production and implications of its use as a biofuel. Environment International, 31(4), 575–584. Table 4, p. 578.","""The total quantity of sustainably harvestable crop residue in Ontario is 3.12 million tonne/year, which is approximately 20% of total above-ground crop residues produced annually in the province."" ((Western Sarnia Lambton Research Park, 2012, p. 6). Western Sarnia-Lambton Research Park. (2012, August). Biomass crop residues availability for bio-processing in Ontario. Report prepared for the Ontario Federation of Agriculture.",2025-09-06,2025-09-08
TABLE POTATOES,0.25,0.2,Potato,Mapped to Potato from Lal (2005) Table 4.,"Lal, R. (2005). World crop residues production and implications of its use as a biofuel. Environment International, 31(4), 575–584. Table 4, p. 578.","""The total quantity of sustainably harvestable crop residue in Ontario is 3.12 million tonne/year, which is approximately 20% of total above-ground crop residues produced annually in the province."" ((Western Sarnia Lambton Research Park, 2012, p. 6). Western Sarnia-Lambton Research Park. (2012, August). Biomass crop residues availability for bio-processing in Ontario. Report prepared for the Ontario Federation of Agriculture.",2025-09-06,2025-09-08
ARGENTINE CANOLA,1.56,0.2,Rapeseed,Mapped to Rapeseed from Lal (2005) Table 4.,"Lal, R. (2005). World crop residues production and implications of its use as a biofuel. Environment International, 31(4), 575–584. Table 4, p. 578.","""The total quantity of sustainably harvestable crop residue in Ontario is 3.12 million tonne/year, which is approximately 20% of total above-ground crop residues produced annually in the province."" ((Western Sarnia Lambton Research Park, 2012, p. 6). Western Sarnia-Lambton Research Park. (2012, August). Biomass crop residues availability for bio-processing in Ontario. Report prepared for the Ontario Federation of Agriculture.",2025-09-06,2025-09-08
MUSTARD,1.56,0.2,Rapeseed,Mapped to Rapeseed from Lal (2005) Table 4.,"Lal, R. (2005). World crop residues production and implications of its use as a biofuel. Environment International, 31(4), 575–584. Table 4, p. 578.","""The total quantity of sustainably harvestable crop residue in Ontario is 3.12 million tonne/year, which is approximately 20% of total above-ground crop residues produced annually in the province."" ((Western Sarnia Lambton Research Park, 2012, p. 6). Western Sarnia-Lambton Research Park. (2012, August). Biomass crop residues availability for bio-processing in Ontario. Report prepared for the Ontario Federation of Agriculture.",2025-09-06,2025-09-08
POLISH CANOLA,1.56,0.2,Rapeseed,Mapped to Rapeseed from Lal (2005) Table 4.,"Lal, R. (2005). World crop residues production and implications of its use as a biofuel. Environment International, 31(4), 575–584. Table 4, p. 578.","""The total quantity of sustainably harvestable crop residue in Ontario is 3.12 million tonne/year, which is approximately 20% of total above-ground crop residues produced annually in the province."" ((Western Sarnia Lambton Research Park, 2012, p. 6). Western Sarnia-Lambton Research Park. (2012, August). Biomass crop residues availability for bio-processing in Ontario. Report prepared for the Ontario Federation of Agriculture.",2025-09-07,2025-09-08
RAPESEED,1.56,0.2,Rapeseed,Mapped to Rapeseed from Lal (2005) Table 4.,"Lal, R. (2005). World crop residues production and implications of its use as a biofuel. Environment International, 31(4), 575–584. Table 4, p. 578.","""The total quantity of sustainably harvestable crop residue in Ontario is 3.12 million tonne/year, which is approximately 20% of total above-ground crop residues produced annually in the province."" ((Western Sarnia Lambton Research Park, 2012, p. 6). Western Sarnia-Lambton Research Park. (2012, August). Biomass crop residues availability for bio-processing in Ontario. Report prepared for the Ontario Federation of Agriculture.",2025-09-06,2025-09-08
HYBRID FALL RYE,1.5,0.2,Rye,Mapped to Rye from Lal (2005) Table 4.,"Lal, R. (2005). World crop residues production and implications of its use as a biofuel. Environment International, 31(4), 575–584. Table 4, p. 578.","""The total quantity of sustainably harvestable crop residue in Ontario is 3.12 million tonne/year, which is approximately 20% of total above-ground crop residues produced annually in the province."" ((Western Sarnia Lambton Research Park, 2012, p. 6). Western Sarnia-Lambton Research Park. (2012, August). Biomass crop residues availability for bio-processing in Ontario. Report prepared for the Ontario Federation of Agriculture.",2025-09-06,2025-09-08
OPEN POLL. FALL RYE,1.5,0.2,Rye,Mapped to Rye from Lal (2005) Table 4.,"Lal, R. (2005). World crop residues production and implications of its use as a biofuel. Environment International, 31(4), 575–584. Table 4, p. 578.","""The total quantity of sustainably harvestable crop residue in Ontario is 3.12 million tonne/year, which is approximately 20% of total above-ground crop residues produced annually in the province."" ((Western Sarnia Lambton Research Park, 2012, p. 6). Western Sarnia-Lambton Research Park. (2012, August). Biomass crop residues availability for bio-processing in Ontario. Report prepared for the Ontario Federation of Agriculture.",2025-09-07,2025-09-08
ORGANIC FALL RYE,1.5,0.2,Rye,Mapped to Rye from Lal (2005) Table 4.,"Lal, R. (2005). World crop residues production and implications of its use as a biofuel. Environment International, 31(4), 575–584. Table 4, p. 578.","""The total quantity of sustainably harvestable crop residue in Ontario is 3.12 million tonne/year, which is approximately 20% of total above-ground crop residues produced annually in the province."" ((Western Sarnia Lambton Research Park, 2012, p. 6). Western Sarnia-Lambton Research Park. (2012, August). Biomass crop residues availability for bio-processing in Ontario. Report prepared for the Ontario Federation of Agriculture.",2025-09-06,2025-09-08
HEMP GRAIN,1.5,0.2,Seed cotton,Mapped to Seed cotton from Lal (2005) Table 4.,"Lal, R. (2005). World crop residues production and implications of its use as a biofuel. Environment International, 31(4), 575–584. Table 4, p. 578.","""The total quantity of sustainably harvestable crop residue in Ontario is 3.12 million tonne/year, which is approximately 20% of total above-ground crop residues produced annually in the province."" ((Western Sarnia Lambton Research Park, 2012, p. 6). Western Sarnia-Lambton Research Park. (2012, August). Biomass crop residues availability for bio-processing in Ontario. Report prepared for the Ontario Federation of Agriculture.",2025-09-06,2025-09-08
ORGANIC HEMP GRAIN,1.5,0.2,Seed cotton,Mapped to Seed cotton from Lal (2005) Table 4.,"Lal, R. (2005). World crop residues production and implications of its use as a biofuel. Environment International, 31(4), 575–584. Table 4, p. 578.","""The total quantity of sustainably harvestable crop residue in Ontario is 3.12 million tonne/year, which is approximately 20% of total above-ground crop residues produced annually in the province."" ((Western Sarnia Lambton Research Park, 2012, p. 6). Western Sarnia-Lambton Research Park. (2012, August). Biomass crop residues availability for bio-processing in Ontario. Report prepared for the Ontario Federation of Agriculture.",2025-09-06,2025-09-08
MILO/GRAIN SORGHUM,1.5,0.2,Sorghum,Mapped to Sorghum from Lal (2005) Table 4.,"Lal, R. (2005). World crop residues production and implications of its use as a biofuel. Environment International, 31(4), 575–584. Table 4, p. 578.","""The total quantity of sustainably harvestable crop residue in Ontario is 3.12 million tonne/year, which is approximately 20% of total above-ground crop residues produced annually in the province."" ((Western Sarnia Lambton Research Park, 2012, p. 6). Western Sarnia-Lambton Research Park. (2012, August). Biomass crop residues availability for bio-processing in Ontario. Report prepared for the Ontario Federation of Agriculture.",2025-09-06,2025-09-08
SUGAR BEETS,0.25,0.2,Sugarbeet,Mapped to Sugarbeet from Lal (2005) Table 4.,"Lal, R. (2005). World crop residues production and implications of its use as a biofuel. Environment International, 31(4), 575–584. Table 4, p. 578.","""The total quantity of sustainably harvestable crop residue in Ontario is 3.12 million tonne/year, which is approximately 20% of total above-ground crop residues produced annually in the province."" ((Western Sarnia Lambton Research Park, 2012, p. 6). Western Sarnia-Lambton Research Park. (2012, August). Biomass crop residues availability for bio-processing in Ontario. Report prepared for the Ontario Federation of Agriculture.",2025-09-06,2025-09-08
RED BEET,0.25,0.2,Sugarbeets,Mapped to Sugarbeets from Lal (2005) Table 4.,"Lal, R. (2005). World crop residues production and implications of its use as a biofuel. Environment International, 31(4), 575–584. Table 4, p. 578.","""The total quantity of sustainably harvestable crop residue in Ontario is 3.12 million tonne/year, which is approximately 20% of total above-ground crop residues produced annually in the province."" ((Western Sarnia Lambton Research Park, 2012, p. 6). Western Sarnia-Lambton Research Park. (2012, August). Biomass crop residues availability for bio-processing in Ontario. Report prepared for the Ontario Federation of Agriculture.",2025-09-06,2025-09-08
NON-OIL SUNFLOWERS,1,0.2,Sunflower,Mapped to Sunflower from Lal (2005) Table 4.,"Lal, R. (2005). World crop residues production and implications of its use as a biofuel. Environment International, 31(4), 575–584. Table 4, p. 578.","""The total quantity of sustainably harvestable crop residue in Ontario is 3.12 million tonne/year, which is approximately 20% of total above-ground crop residues produced annually in the province."" ((Western Sarnia Lambton Research Park, 2012, p. 6). Western Sarnia-Lambton Research Park. (2012, August). Biomass crop residues availability for bio-processing in Ontario. Report prepared for the Ontario Federation of Agriculture.",2025-09-06,2025-09-08
OIL SUNFLOWERS,1,0.2,Sunflower,Mapped to Sunflower from Lal (2005) Table 4.,"Lal, R. (2005). World crop residues production and implications of its use as a biofuel. Environment International, 31(4), 575–584. Table 4, p. 578.","""The total quantity of sustainably harvestable crop residue in Ontario is 3.12 million tonne/year, which is approximately 20% of total above-ground crop residues produced annually in the province."" ((Western Sarnia Lambton Research Park, 2012, p. 6). Western Sarnia-Lambton Research Park. (2012, August). Biomass crop residues availability for bio-processing in Ontario. Report prepared for the Ontario Federation of Agriculture.",2025-09-06,2025-09-08
SWEET POTATO,2.29,0.2,Sweet potato,Mapped to Sweet potato from Lal (2005) Table 4.,"Lal, R. (2005). World crop residues production and implications of its use as a biofuel. Environment International, 31(4), 575–584. Table 4, p. 578.","""The total quantity of sustainably harvestable crop residue in Ontario is 3.12 million tonne/year, which is approximately 20% of total above-ground crop residues produced annually in the province."" ((Western Sarnia Lambton Research Park, 2012, p. 6). Western Sarnia-Lambton Research Park. (2012, August). Biomass crop residues availability for bio-processing in Ontario. Report prepared for the Ontario Federation of Agriculture.",2025-09-06,2025-09-08
BUCKWHEAT,1.5,0.2,Wheat,Mapped to Wheat from Lal (2005) Table 4.,"Lal, R. (2005). World crop residues production and implications of its use as a biofuel. Environment International, 31(4), 575–584. Table 4, p. 578.","""The total quantity of sustainably harvestable crop residue in Ontario is 3.12 million tonne/year, which is approximately 20% of total above-ground crop residues produced annually in the province."" ((Western Sarnia Lambton Research Park, 2012, p. 6). Western Sarnia-Lambton Research Park. (2012, August). Biomass crop residues availability for bio-processing in Ontario. Report prepared for the Ontario Federation of Agriculture.",2025-09-07,2025-09-08
DURUM WHEAT,1.5,0.2,Wheat,Mapped to Wheat from Lal (2005) Table 4.,"Lal, R. (2005). World crop residues production and implications of its use as a biofuel. Environment International, 31(4), 575–584. Table 4, p. 578.","""The total quantity of sustainably harvestable crop residue in Ontario is 3.12 million tonne/year, which is approximately 20% of total above-ground crop residues produced annually in the province."" ((Western Sarnia Lambton Research Park, 2012, p. 6). Western Sarnia-Lambton Research Park. (2012, August). Biomass crop residues availability for bio-processing in Ontario. Report prepared for the Ontario Federation of Agriculture.",2025-09-07,2025-09-08
EMMER WHEAT,1.5,0.2,Wheat,Mapped to Wheat from Lal (2005) Table 4.,"Lal, R. (2005). World crop residues production and implications of its use as a biofuel. Environment International, 31(4), 575–584. Table 4, p. 578.","""The total quantity of sustainably harvestable crop residue in Ontario is 3.12 million tonne/year, which is approximately 20% of total above-ground crop residues produced annually in the province."" ((Western Sarnia Lambton Research Park, 2012, p. 6). Western Sarnia-Lambton Research Park. (2012, August). Biomass crop residues availability for bio-processing in Ontario. Report prepared for the Ontario Federation of Agriculture.",2025-09-07,2025-09-08
EXTRA STRONG WHEAT,1.5,0.2,Wheat,Mapped to Wheat from Lal (2005) Table 4.,"Lal, R. (2005). World crop residues production and implications of its use as a biofuel. Environment International, 31(4), 575–584. Table 4, p. 578.","""The total quantity of sustainably harvestable crop residue in Ontario is 3.12 million tonne/year, which is approximately 20% of total above-ground crop residues produced annually in the province."" ((Western Sarnia Lambton Research Park, 2012, p. 6). Western Sarnia-Lambton Research Park. (2012, August). Biomass crop residues availability for bio-processing in Ontario. Report prepared for the Ontario Federation of Agriculture.",2025-09-07,2025-09-08
HARD WHITE WHEAT,1.5,0.2,Wheat,Mapped to Wheat from Lal (2005) Table 4.,"Lal, R. (2005). World crop residues production and implications of its use as a biofuel. Environment International, 31(4), 575–584. Table 4, p. 578.","""The total quantity of sustainably harvestable crop residue in Ontario is 3.12 million tonne/year, which is approximately 20% of total above-ground crop residues produced annually in the province."" ((Western Sarnia Lambton Research Park, 2012, p. 6). Western Sarnia-Lambton Research Park. (2012, August). Biomass crop residues availability for bio-processing in Ontario. Report prepared for the Ontario Federation of Agriculture.",2025-09-06,2025-09-08
NORTH. HARD RED WHT,1.5,0.2,Wheat,Mapped to Wheat from Lal (2005) Table 4.,"Lal, R. (2005). World crop residues production and implications of its use as a biofuel. Environment International, 31(4), 575–584. Table 4, p. 578.","""The total quantity of sustainably harvestable crop residue in Ontario is 3.12 million tonne/year, which is approximately 20% of total above-ground crop residues produced annually in the province."" ((Western Sarnia Lambton Research Park, 2012, p. 6). Western Sarnia-Lambton Research Park. (2012, August). Biomass crop residues availability for bio-processing in Ontario. Report prepared for the Ontario Federation of Agriculture.",2025-09-06,2025-09-08
ORGANIC DURUM WHEAT,1.5,0.2,Wheat,Mapped to Wheat from Lal (2005) Table 4.,"Lal, R. (2005). World crop residues production and implications of its use as a biofuel. Environment International, 31(4), 575–584. Table 4, p. 578.","""The total quantity of sustainably harvestable crop residue in Ontario is 3.12 million tonne/year, which is approximately 20% of total above-ground crop residues produced annually in the province."" ((Western Sarnia Lambton Research Park, 2012, p. 6). Western Sarnia-Lambton Research Park. (2012, August). Biomass crop residues availability for bio-processing in Ontario. Report prepared for the Ontario Federation of Agriculture.",2025-09-06,2025-09-08
ORGANIC E.S. WHEAT,1.5,0.2,Wheat,Mapped to Wheat from Lal (2005) Table 4.,"Lal, R. (2005). World crop residues production and implications of its use as a biofuel. Environment International, 31(4), 575–584. Table 4, p. 578.","""The total quantity of sustainably harvestable crop residue in Ontario is 3.12 million tonne/year, which is approximately 20% of total above-ground crop residues produced annually in the province."" ((Western Sarnia Lambton Research Park, 2012, p. 6). Western Sarnia-Lambton Research Park. (2012, August). Biomass crop residues availability for bio-processing in Ontario. Report prepared for the Ontario Federation of Agriculture.",2025-09-06,2025-09-08
ORGANIC H.W. WHEAT,1.5,0.2,Wheat,Mapped to Wheat from Lal (2005) Table 4.,"Lal, R. (2005). World crop residues production and implications of its use as a biofuel. Environment International, 31(4), 575–584. Table 4, p. 578.","""The total quantity of sustainably harvestable crop residue in Ontario is 3.12 million tonne/year, which is approximately 20% of total above-ground crop residues produced annually in the province."" ((Western Sarnia Lambton Research Park, 2012, p. 6). Western Sarnia-Lambton Research Park. (2012, August). Biomass crop residues availability for bio-processing in Ontario. Report prepared for the Ontario Federation of Agriculture.",2025-09-06,2025-09-08
ORGANIC N.H.R. WHT,1.5,0.2,Wheat,Mapped to Wheat from Lal (2005) Table 4.,"Lal, R. (2005). World crop residues production and implications of its use as a biofuel. Environment International, 31(4), 575–584. Table 4, p. 578.","""The total quantity of sustainably harvestable crop residue in Ontario is 3.12 million tonne/year, which is approximately 20% of total above-ground crop residues produced annually in the province."" ((Western Sarnia Lambton Research Park, 2012, p. 6). Western Sarnia-Lambton Research Park. (2012, August). Biomass crop residues availability for bio-processing in Ontario. Report prepared for the Ontario Federation of Agriculture.",2025-09-06,2025-09-08
ORGANIC P.S. WHEAT,1.5,0.2,Wheat,Mapped to Wheat from Lal (2005) Table 4.,"Lal, R. (2005). World crop residues production and implications of its use as a biofuel. Environment International, 31(4), 575–584. Table 4, p. 578.","""The total quantity of sustainably harvestable crop residue in Ontario is 3.12 million tonne/year, which is approximately 20% of total above-ground crop residues produced annually in the province."" ((Western Sarnia Lambton Research Park, 2012, p. 6). Western Sarnia-Lambton Research Park. (2012, August). Biomass crop residues availability for bio-processing in Ontario. Report prepared for the Ontario Federation of Agriculture.",2025-09-06,2025-09-08
ORGANIC R.S. WHEAT,1.5,0.2,Wheat,Mapped to Wheat from Lal (2005) Table 4.,"Lal, R. (2005). World crop residues production and implications of its use as a biofuel. Environment International, 31(4), 575–584. Table 4, p. 578.","""The total quantity of sustainably harvestable crop residue in Ontario is 3.12 million tonne/year, which is approximately 20% of total above-ground crop residues produced annually in the province."" ((Western Sarnia Lambton Research Park, 2012, p. 6). Western Sarnia-Lambton Research Park. (2012, August). Biomass crop residues availability for bio-processing in Ontario. Report prepared for the Ontario Federation of Agriculture.",2025-09-06,2025-09-08
ORGANIC SPR WHT OTHR,1.5,0.2,Wheat,Mapped to Wheat from Lal (2005) Table 4.,"Lal, R. (2005). World crop residues production and implications of its use as a biofuel. Environment International, 31(4), 575–584. Table 4, p. 578.","""The total quantity of sustainably harvestable crop residue in Ontario is 3.12 million tonne/year, which is approximately 20% of total above-ground crop residues produced annually in the province."" ((Western Sarnia Lambton Research Park, 2012, p. 6). Western Sarnia-Lambton Research Park. (2012, August). Biomass crop residues availability for bio-processing in Ontario. Report prepared for the Ontario Federation of Agriculture.",2025-09-06,2025-09-08
ORGANIC WINTER WHEAT,1.5,0.2,Wheat,Mapped to Wheat from Lal (2005) Table 4.,"Lal, R. (2005). World crop residues production and implications of its use as a biofuel. Environment International, 31(4), 575–584. Table 4, p. 578.","""The total quantity of sustainably harvestable crop residue in Ontario is 3.12 million tonne/year, which is approximately 20% of total above-ground crop residues produced annually in the province."" ((Western Sarnia Lambton Research Park, 2012, p. 6). Western Sarnia-Lambton Research Park. (2012, August). Biomass crop residues availability for bio-processing in Ontario. Report prepared for the Ontario Federation of Agriculture.",2025-09-06,2025-09-08
OTHER SPRING WHEAT,1.5,0.2,Wheat,Mapped to Wheat from Lal (2005) Table 4.,"Lal, R. (2005). World crop residues production and implications of its use as a biofuel. Environment International, 31(4), 575–584. Table 4, p. 578.","""The total quantity of sustainably harvestable crop residue in Ontario is 3.12 million tonne/year, which is approximately 20% of total above-ground crop residues produced annually in the province."" ((Western Sarnia Lambton Research Park, 2012, p. 6). Western Sarnia-Lambton Research Park. (2012, August). Biomass crop residues availability for bio-processing in Ontario. Report prepared for the Ontario Federation of Agriculture.",2025-09-06,2025-09-08
PRAIRIE SPRING WHEAT,1.5,0.2,Wheat,Mapped to Wheat from Lal (2005) Table 4.,"Lal, R. (2005). World crop residues production and implications of its use as a biofuel. Environment International, 31(4), 575–584. Table 4, p. 578.","""The total quantity of sustainably harvestable crop residue in Ontario is 3.12 million tonne/year, which is approximately 20% of total above-ground crop residues produced annually in the province."" ((Western Sarnia Lambton Research Park, 2012, p. 6). Western Sarnia-Lambton Research Park. (2012, August). Biomass crop residues availability for bio-processing in Ontario. Report prepared for the Ontario Federation of Agriculture.",2025-09-06,2025-09-08
RED SPRING WHEAT,1.5,0.2,Wheat,Mapped to Wheat from Lal (2005) Table 4.,"Lal, R. (2005). World crop residues production and implications of its use as a biofuel. Environment International, 31(4), 575–584. Table 4, p. 578.","""The total quantity of sustainably harvestable crop residue in Ontario is 3.12 million tonne/year, which is approximately 20% of total above-ground crop residues produced annually in the province."" ((Western Sarnia Lambton Research Park, 2012, p. 6). Western Sarnia-Lambton Research Park. (2012, August). Biomass crop residues availability for bio-processing in Ontario. Report prepared for the Ontario Federation of Agriculture.",2025-09-06,2025-09-08
WINTER WHEAT,1.5,0.2,Wheat,Mapped to Wheat from Lal (2005) Table 4.,"Lal, R. (2005). World crop residues production and implications of its use as a biofuel. Environment International, 31(4), 575–584. Table 4, p. 578.","""The total quantity of sustainably harvestable crop residue in Ontario is 3.12 million tonne/year, which is approximately 20% of total above-ground crop residues produced annually in the province."" ((Western Sarnia Lambton Research Park, 2012, p. 6). Western Sarnia-Lambton Research Park. (2012, August). Biomass crop residues availability for bio-processing in Ontario. Report prepared for the Ontario Federation of Agriculture.",2025-09-07,2025-09-08
WINTER TRITICALE,1.5,0.2,Triticale,"Overwintering form; Hybrid of wheat and rye; residue ratio equivalent to small-grain cereals. “Regardless of environmental conditions triticale produced more biomass than wheat mainly due to greater RUE.” (Estrada-Campuzano et al. (2012, p.178)). So this RPR is conservative.","Estrada-Campuzano, G., Miralles, D. J., & Slafer, G. A. (2012). Genotypic differences in the duration of stem elongation in wheat and their relationship with yield components. Field Crops Research, 130, 87–95.","""The total quantity of sustainably harvestable crop residue in Ontario is 3.12 million tonne/year, which is approximately 20% of total above-ground crop residues produced annually in the province."" ((Western Sarnia Lambton Research Park, 2012, p. 6). Western Sarnia-Lambton Research Park. (2012, August). Biomass crop residues availability for bio-processing in Ontario. Report prepared for the Ontario Federation of Agriculture.",2025-09-06,2025-09-08
UNUSED LAND,0,0.2,None,Unused assumes no biomass at the agricultural residue level.,None,,2025-09-06,2025-09-08
QUINOA,1.5,0.2,Sorghum,yield and straw ratio similar to millet/sorghum.,"Lal, R. (2005). World crop residues production and implications of its use as a biofuel. Environment International, 31(4), 575–584. Table 4, p. 578.","""The total quantity of sustainably harvestable crop residue in Ontario is 3.12 million tonne/year, which is approximately 20% of total above-ground crop residues produced annually in the province."" ((Western Sarnia Lambton Research Park, 2012, p. 6). Western Sarnia-Lambton Research Park. (2012, August). Biomass crop residues availability for bio-processing in Ontario. Report prepared for the Ontario Federation of Agriculture.",2025-09-06,2025-09-08
ANNUAL RYEGRASS SEED,0.3,0.2,Perennial grasses,Perennial grass species; uses IPCC perennial grass default ,"Intergovernmental Panel on Climate Change. (2019). 2019 Refinement to the 2006 IPCC Guidelines for National Greenhouse Gas Inventories: Volume 4 – Agriculture, Forestry and Other Land Use. Chapter 11, Tables 11.1A and 11.2, pp. 11.18–11.20.","""The total quantity of sustainably harvestable crop residue in Ontario is 3.12 million tonne/year, which is approximately 20% of total above-ground crop residues produced annually in the province."" ((Western Sarnia Lambton Research Park, 2012, p. 6). Western Sarnia-Lambton Research Park. (2012, August). Biomass crop residues availability for bio-processing in Ontario. Report prepared for the Ontario Federation of Agriculture.",2025-09-06,2025-09-08
ALFALFA EST OPTION,0.3,0.2,N-fixing forage,Establishment phase of alfalfa; N-fixing forage value,"Intergovernmental Panel on Climate Change. (2019). 2019 Refinement to the 2006 IPCC Guidelines for National Greenhouse Gas Inventories: Volume 4 – Agriculture, Forestry and Other Land Use. Chapter 11, Tables 11.1A and 11.2, pp. 11.18–11.20.","""The total quantity of sustainably harvestable crop residue in Ontario is 3.12 million tonne/year, which is approximately 20% of total above-ground crop residues produced annually in the province."" ((Western Sarnia Lambton Research Park, 2012, p. 6). Western Sarnia-Lambton Research Park. (2012, August). Biomass crop residues availability for bio-processing in Ontario. Report prepared for the Ontario Federation of Agriculture.",2025-09-06,2025-09-08
ALFALFA GRASS EST OP,0.3,0.2,Grass-clover mixture,Mixed alfalfa–grass stand; grass-clover mixture category,"Intergovernmental Panel on Climate Change. (2019). 2019 Refinement to the 2006 IPCC Guidelines for National Greenhouse Gas Inventories: Volume 4 – Agriculture, Forestry and Other Land Use. Chapter 11, Tables 11.1A and 11.2, pp. 11.18–11.20.","""The total quantity of sustainably harvestable crop residue in Ontario is 3.12 million tonne/year, which is approximately 20% of total above-ground crop residues produced annually in the province."" ((Western Sarnia Lambton Research Park, 2012, p. 6). Western Sarnia-Lambton Research Park. (2012, August). Biomass crop residues availability for bio-processing in Ontario. Report prepared for the Ontario Federation of Agriculture.",2025-09-06,2025-09-08
ALFALFA GRASS EST OP,0.3,0.2,Grass-clover mixture,Mixed alfalfa–grass stand; grass-clover mixture category,"Intergovernmental Panel on Climate Change. (2019). 2019 Refinement to the 2006 IPCC Guidelines for National Greenhouse Gas Inventories: Volume 4 – Agriculture, Forestry and Other Land Use. Chapter 11, Tables 11.1A and 11.2, pp. 11.18–11.20.","""The total quantity of sustainably harvestable crop residue in Ontario is 3.12 million tonne/year, which is approximately 20% of total above-ground crop residues produced annually in the province."" ((Western Sarnia Lambton Research Park, 2012, p. 6). Western Sarnia-Lambton Research Park. (2012, August). Biomass crop residues availability for bio-processing in Ontario. Report prepared for the Ontario Federation of Agriculture.",2025-09-06,2025-09-08
ALFALFA/GRASS MIX.,0.3,0.2,Grass-clover mixture,Mixed alfalfa–grass stand; grass-clover mixture category,"Intergovernmental Panel on Climate Change. (2019). 2019 Refinement to the 2006 IPCC Guidelines for National Greenhouse Gas Inventories: Volume 4 – Agriculture, Forestry and Other Land Use. Chapter 11, Tables 11.1A and 11.2, pp. 11.18–11.20.","""The total quantity of sustainably harvestable crop residue in Ontario is 3.12 million tonne/year, which is approximately 20% of total above-ground crop residues produced annually in the province."" ((Western Sarnia Lambton Research Park, 2012, p. 6). Western Sarnia-Lambton Research Park. (2012, August). Biomass crop residues availability for bio-processing in Ontario. Report prepared for the Ontario Federation of Agriculture.",2025-09-06,2025-09-08
ALSIKE CLOVER (FORAGE),0.3,0.2,N-fixing forage,N-fixing forage default,"Intergovernmental Panel on Climate Change. (2019). 2019 Refinement to the 2006 IPCC Guidelines for National Greenhouse Gas Inventories: Volume 4 – Agriculture, Forestry and Other Land Use. Chapter 11, Tables 11.1A and 11.2, pp. 11.18–11.20.","""The total quantity of sustainably harvestable crop residue in Ontario is 3.12 million tonne/year, which is approximately 20% of total above-ground crop residues produced annually in the province."" ((Western Sarnia Lambton Research Park, 2012, p. 6). Western Sarnia-Lambton Research Park. (2012, August). Biomass crop residues availability for bio-processing in Ontario. Report prepared for the Ontario Federation of Agriculture.",2025-09-06,2025-09-08
ALSIKE CLOVER (SEED),0.3,0.2,N-fixing forage,N-fixing forage default,"Intergovernmental Panel on Climate Change. (2019). 2019 Refinement to the 2006 IPCC Guidelines for National Greenhouse Gas Inventories: Volume 4 – Agriculture, Forestry and Other Land Use. Chapter 11, Tables 11.1A and 11.2, pp. 11.18–11.20.","""The total quantity of sustainably harvestable crop residue in Ontario is 3.12 million tonne/year, which is approximately 20% of total above-ground crop residues produced annually in the province."" ((Western Sarnia Lambton Research Park, 2012, p. 6). Western Sarnia-Lambton Research Park. (2012, August). Biomass crop residues availability for bio-processing in Ontario. Report prepared for the Ontario Federation of Agriculture.",2025-09-06,2025-09-08
BIRDSFOOT TREFOIL (SEED),0.3,0.2,N-fixing forage,N-fixing forage default,"Intergovernmental Panel on Climate Change. (2019). 2019 Refinement to the 2006 IPCC Guidelines for National Greenhouse Gas Inventories: Volume 4 – Agriculture, Forestry and Other Land Use. Chapter 11, Tables 11.1A and 11.2, pp. 11.18–11.20.","""The total quantity of sustainably harvestable crop residue in Ontario is 3.12 million tonne/year, which is approximately 20% of total above-ground crop residues produced annually in the province."" ((Western Sarnia Lambton Research Park, 2012, p. 6). Western Sarnia-Lambton Research Park. (2012, August). Biomass crop residues availability for bio-processing in Ontario. Report prepared for the Ontario Federation of Agriculture.",2025-09-06,2025-09-08
BIRDSFOOT TREFOIL FORAGE,0.3,0.2,N-fixing forage,N-fixing forage default,"Intergovernmental Panel on Climate Change. (2019). 2019 Refinement to the 2006 IPCC Guidelines for National Greenhouse Gas Inventories: Volume 4 – Agriculture, Forestry and Other Land Use. Chapter 11, Tables 11.1A and 11.2, pp. 11.18–11.20.","""The total quantity of sustainably harvestable crop residue in Ontario is 3.12 million tonne/year, which is approximately 20% of total above-ground crop residues produced annually in the province."" ((Western Sarnia Lambton Research Park, 2012, p. 6). Western Sarnia-Lambton Research Park. (2012, August). Biomass crop residues availability for bio-processing in Ontario. Report prepared for the Ontario Federation of Agriculture.",2025-09-06,2025-09-08
CICER MILKVETCH (FORAGE),0.3,0.2,N-fixing forage,N-fixing forage default,"Intergovernmental Panel on Climate Change. (2019). 2019 Refinement to the 2006 IPCC Guidelines for National Greenhouse Gas Inventories: Volume 4 – Agriculture, Forestry and Other Land Use. Chapter 11, Tables 11.1A and 11.2, pp. 11.18–11.20.","""The total quantity of sustainably harvestable crop residue in Ontario is 3.12 million tonne/year, which is approximately 20% of total above-ground crop residues produced annually in the province."" ((Western Sarnia Lambton Research Park, 2012, p. 6). Western Sarnia-Lambton Research Park. (2012, August). Biomass crop residues availability for bio-processing in Ontario. Report prepared for the Ontario Federation of Agriculture.",2025-09-06,2025-09-08
CLOVER & BROMEGRASS HAY,0.3,0.2,Grass-clover mixture,Generic grass hay; non-legume hay category,"Intergovernmental Panel on Climate Change. (2019). 2019 Refinement to the 2006 IPCC Guidelines for National Greenhouse Gas Inventories: Volume 4 – Agriculture, Forestry and Other Land Use. Chapter 11, Tables 11.1A and 11.2, pp. 11.18–11.20.","""The total quantity of sustainably harvestable crop residue in Ontario is 3.12 million tonne/year, which is approximately 20% of total above-ground crop residues produced annually in the province."" ((Western Sarnia Lambton Research Park, 2012, p. 6). Western Sarnia-Lambton Research Park. (2012, August). Biomass crop residues availability for bio-processing in Ontario. Report prepared for the Ontario Federation of Agriculture.",2025-09-07,2025-09-08
CLOVER RD CNRYG & TIM HAY,0.3,0.2,Grass-clover mixture,Generic grass hay; non-legume hay category,"Intergovernmental Panel on Climate Change. (2019). 2019 Refinement to the 2006 IPCC Guidelines for National Greenhouse Gas Inventories: Volume 4 – Agriculture, Forestry and Other Land Use. Chapter 11, Tables 11.1A and 11.2, pp. 11.18–11.20.","""The total quantity of sustainably harvestable crop residue in Ontario is 3.12 million tonne/year, which is approximately 20% of total above-ground crop residues produced annually in the province."" ((Western Sarnia Lambton Research Park, 2012, p. 6). Western Sarnia-Lambton Research Park. (2012, August). Biomass crop residues availability for bio-processing in Ontario. Report prepared for the Ontario Federation of Agriculture.",2025-09-06,2025-09-08
FALL GRASS EST OPTN,0.3,0.2,Perennial grasses,Perennial grass species; uses IPCC perennial grass default ,"Intergovernmental Panel on Climate Change. (2019). 2019 Refinement to the 2006 IPCC Guidelines for National Greenhouse Gas Inventories: Volume 4 – Agriculture, Forestry and Other Land Use. Chapter 11, Tables 11.1A and 11.2, pp. 11.18–11.20.","""The total quantity of sustainably harvestable crop residue in Ontario is 3.12 million tonne/year, which is approximately 20% of total above-ground crop residues produced annually in the province."" ((Western Sarnia Lambton Research Park, 2012, p. 6). Western Sarnia-Lambton Research Park. (2012, August). Biomass crop residues availability for bio-processing in Ontario. Report prepared for the Ontario Federation of Agriculture.",2025-09-07,2025-09-08
FALL GRASS EST OPTN,0.3,0.2,Perennial grasses,Perennial grass species; uses IPCC perennial grass default ,"Intergovernmental Panel on Climate Change. (2019). 2019 Refinement to the 2006 IPCC Guidelines for National Greenhouse Gas Inventories: Volume 4 – Agriculture, Forestry and Other Land Use. Chapter 11, Tables 11.1A and 11.2, pp. 11.18–11.20.","""The total quantity of sustainably harvestable crop residue in Ontario is 3.12 million tonne/year, which is approximately 20% of total above-ground crop residues produced annually in the province."" ((Western Sarnia Lambton Research Park, 2012, p. 6). Western Sarnia-Lambton Research Park. (2012, August). Biomass crop residues availability for bio-processing in Ontario. Report prepared for the Ontario Federation of Agriculture.",2025-09-07,2025-09-08
FALL TIMOTHY EST OPT,0.3,0.2,Perennial grasses,Perennial grass species; uses IPCC perennial grass default ,"Intergovernmental Panel on Climate Change. (2019). 2019 Refinement to the 2006 IPCC Guidelines for National Greenhouse Gas Inventories: Volume 4 – Agriculture, Forestry and Other Land Use. Chapter 11, Tables 11.1A and 11.2, pp. 11.18–11.20.","""The total quantity of sustainably harvestable crop residue in Ontario is 3.12 million tonne/year, which is approximately 20% of total above-ground crop residues produced annually in the province."" ((Western Sarnia Lambton Research Park, 2012, p. 6). Western Sarnia-Lambton Research Park. (2012, August). Biomass crop residues availability for bio-processing in Ontario. Report prepared for the Ontario Federation of Agriculture.",2025-09-06,2025-09-08
FORAGE ESTABLISHMENT,0.3,0.2,N-fixing forage,N-fixing forage default,"Intergovernmental Panel on Climate Change. (2019). 2019 Refinement to the 2006 IPCC Guidelines for National Greenhouse Gas Inventories: Volume 4 – Agriculture, Forestry and Other Land Use. Chapter 11, Tables 11.1A and 11.2, pp. 11.18–11.20.","""The total quantity of sustainably harvestable crop residue in Ontario is 3.12 million tonne/year, which is approximately 20% of total above-ground crop residues produced annually in the province."" ((Western Sarnia Lambton Research Park, 2012, p. 6). Western Sarnia-Lambton Research Park. (2012, August). Biomass crop residues availability for bio-processing in Ontario. Report prepared for the Ontario Federation of Agriculture.",2025-09-06,2025-09-08
GRASSES,0.3,0.2,Perennial grasses,Perennial grass species; uses IPCC perennial grass default ,"Intergovernmental Panel on Climate Change. (2019). 2019 Refinement to the 2006 IPCC Guidelines for National Greenhouse Gas Inventories: Volume 4 – Agriculture, Forestry and Other Land Use. Chapter 11, Tables 11.1A and 11.2, pp. 11.18–11.20.","""The total quantity of sustainably harvestable crop residue in Ontario is 3.12 million tonne/year, which is approximately 20% of total above-ground crop residues produced annually in the province."" ((Western Sarnia Lambton Research Park, 2012, p. 6). Western Sarnia-Lambton Research Park. (2012, August). Biomass crop residues availability for bio-processing in Ontario. Report prepared for the Ontario Federation of Agriculture.",2025-09-06,2025-09-08
GRASSES (SEED),0.3,0.2,Perennial grasses,Perennial grass species; uses IPCC perennial grass default ,"Intergovernmental Panel on Climate Change. (2019). 2019 Refinement to the 2006 IPCC Guidelines for National Greenhouse Gas Inventories: Volume 4 – Agriculture, Forestry and Other Land Use. Chapter 11, Tables 11.1A and 11.2, pp. 11.18–11.20.","""The total quantity of sustainably harvestable crop residue in Ontario is 3.12 million tonne/year, which is approximately 20% of total above-ground crop residues produced annually in the province."" ((Western Sarnia Lambton Research Park, 2012, p. 6). Western Sarnia-Lambton Research Park. (2012, August). Biomass crop residues availability for bio-processing in Ontario. Report prepared for the Ontario Federation of Agriculture.",2025-09-06,2025-09-08
GRASSES (SOD),0.3,0.2,Perennial grasses,Perennial grass species; uses IPCC perennial grass default ,"Intergovernmental Panel on Climate Change. (2019). 2019 Refinement to the 2006 IPCC Guidelines for National Greenhouse Gas Inventories: Volume 4 – Agriculture, Forestry and Other Land Use. Chapter 11, Tables 11.1A and 11.2, pp. 11.18–11.20.","""The total quantity of sustainably harvestable crop residue in Ontario is 3.12 million tonne/year, which is approximately 20% of total above-ground crop residues produced annually in the province."" ((Western Sarnia Lambton Research Park, 2012, p. 6). Western Sarnia-Lambton Research Park. (2012, August). Biomass crop residues availability for bio-processing in Ontario. Report prepared for the Ontario Federation of Agriculture.",2025-09-07,2025-09-08
GREENFEED,0.3,0.2,Non-N-fixing forage,Annual cereal forage; non-N-fixing forage class,"Intergovernmental Panel on Climate Change. (2019). 2019 Refinement to the 2006 IPCC Guidelines for National Greenhouse Gas Inventories: Volume 4 – Agriculture, Forestry and Other Land Use. Chapter 11, Tables 11.1A and 11.2, pp. 11.18–11.20.","""The total quantity of sustainably harvestable crop residue in Ontario is 3.12 million tonne/year, which is approximately 20% of total above-ground crop residues produced annually in the province."" ((Western Sarnia Lambton Research Park, 2012, p. 6). Western Sarnia-Lambton Research Park. (2012, August). Biomass crop residues availability for bio-processing in Ontario. Report prepared for the Ontario Federation of Agriculture.",2025-09-07,2025-09-08
HAIRY VETCH,0.3,0.2,N-fixing forage,N-fixing forage default,"Intergovernmental Panel on Climate Change. (2019). 2019 Refinement to the 2006 IPCC Guidelines for National Greenhouse Gas Inventories: Volume 4 – Agriculture, Forestry and Other Land Use. Chapter 11, Tables 11.1A and 11.2, pp. 11.18–11.20.","""The total quantity of sustainably harvestable crop residue in Ontario is 3.12 million tonne/year, which is approximately 20% of total above-ground crop residues produced annually in the province."" ((Western Sarnia Lambton Research Park, 2012, p. 6). Western Sarnia-Lambton Research Park. (2012, August). Biomass crop residues availability for bio-processing in Ontario. Report prepared for the Ontario Federation of Agriculture.",2025-09-07,2025-09-08
LUPINS (FORAGE),0.3,0.2,N-fixing forage,N-fixing forage default,"Intergovernmental Panel on Climate Change. (2019). 2019 Refinement to the 2006 IPCC Guidelines for National Greenhouse Gas Inventories: Volume 4 – Agriculture, Forestry and Other Land Use. Chapter 11, Tables 11.1A and 11.2, pp. 11.18–11.20.","""The total quantity of sustainably harvestable crop residue in Ontario is 3.12 million tonne/year, which is approximately 20% of total above-ground crop residues produced annually in the province."" ((Western Sarnia Lambton Research Park, 2012, p. 6). Western Sarnia-Lambton Research Park. (2012, August). Biomass crop residues availability for bio-processing in Ontario. Report prepared for the Ontario Federation of Agriculture.",2025-09-06,2025-09-08
LUPINS (SEED),0.3,0.2,N-fixing forage,N-fixing forage default,"Intergovernmental Panel on Climate Change. (2019). 2019 Refinement to the 2006 IPCC Guidelines for National Greenhouse Gas Inventories: Volume 4 – Agriculture, Forestry and Other Land Use. Chapter 11, Tables 11.1A and 11.2, pp. 11.18–11.20.","""The total quantity of sustainably harvestable crop residue in Ontario is 3.12 million tonne/year, which is approximately 20% of total above-ground crop residues produced annually in the province."" ((Western Sarnia Lambton Research Park, 2012, p. 6). Western Sarnia-Lambton Research Park. (2012, August). Biomass crop residues availability for bio-processing in Ontario. Report prepared for the Ontario Federation of Agriculture.",2025-09-07,2025-09-08
PASTURE (TAME/ANNUAL),0.3,0.2,Perennial grasses,Perennial grass species; uses IPCC perennial grass default ,"Intergovernmental Panel on Climate Change. (2019). 2019 Refinement to the 2006 IPCC Guidelines for National Greenhouse Gas Inventories: Volume 4 – Agriculture, Forestry and Other Land Use. Chapter 11, Tables 11.1A and 11.2, pp. 11.18–11.20.","""The total quantity of sustainably harvestable crop residue in Ontario is 3.12 million tonne/year, which is approximately 20% of total above-ground crop residues produced annually in the province."" ((Western Sarnia Lambton Research Park, 2012, p. 6). Western Sarnia-Lambton Research Park. (2012, August). Biomass crop residues availability for bio-processing in Ontario. Report prepared for the Ontario Federation of Agriculture.",2025-09-07,2025-09-08
PASTURE (TAME/PERENNIAL),0.3,0.2,Perennial grasses,Perennial grass species; uses IPCC perennial grass default ,"Intergovernmental Panel on Climate Change. (2019). 2019 Refinement to the 2006 IPCC Guidelines for National Greenhouse Gas Inventories: Volume 4 – Agriculture, Forestry and Other Land Use. Chapter 11, Tables 11.1A and 11.2, pp. 11.18–11.20.","""The total quantity of sustainably harvestable crop residue in Ontario is 3.12 million tonne/year, which is approximately 20% of total above-ground crop residues produced annually in the province."" ((Western Sarnia Lambton Research Park, 2012, p. 6). Western Sarnia-Lambton Research Park. (2012, August). Biomass crop residues availability for bio-processing in Ontario. Report prepared for the Ontario Federation of Agriculture.",2025-09-07,2025-09-08
PED. TIMOTHY SEED,0.3,0.2,Perennial grasses,Perennial grass species; uses IPCC perennial grass default ,"Intergovernmental Panel on Climate Change. (2019). 2019 Refinement to the 2006 IPCC Guidelines for National Greenhouse Gas Inventories: Volume 4 – Agriculture, Forestry and Other Land Use. Chapter 11, Tables 11.1A and 11.2, pp. 11.18–11.20.","""The total quantity of sustainably harvestable crop residue in Ontario is 3.12 million tonne/year, which is approximately 20% of total above-ground crop residues produced annually in the province."" ((Western Sarnia Lambton Research Park, 2012, p. 6). Western Sarnia-Lambton Research Park. (2012, August). Biomass crop residues availability for bio-processing in Ontario. Report prepared for the Ontario Federation of Agriculture.",2025-09-06,2025-09-08
PER. RYEGRASS SEED,0.3,0.2,Perennial grasses,Perennial grass species; uses IPCC perennial grass default ,"Intergovernmental Panel on Climate Change. (2019). 2019 Refinement to the 2006 IPCC Guidelines for National Greenhouse Gas Inventories: Volume 4 – Agriculture, Forestry and Other Land Use. Chapter 11, Tables 11.1A and 11.2, pp. 11.18–11.20.","""The total quantity of sustainably harvestable crop residue in Ontario is 3.12 million tonne/year, which is approximately 20% of total above-ground crop residues produced annually in the province."" ((Western Sarnia Lambton Research Park, 2012, p. 6). Western Sarnia-Lambton Research Park. (2012, August). Biomass crop residues availability for bio-processing in Ontario. Report prepared for the Ontario Federation of Agriculture.",2025-09-06,2025-09-08
RED CLOVER (FORAGE),0.3,0.2,N-fixing forage,N-fixing forage default,"Intergovernmental Panel on Climate Change. (2019). 2019 Refinement to the 2006 IPCC Guidelines for National Greenhouse Gas Inventories: Volume 4 – Agriculture, Forestry and Other Land Use. Chapter 11, Tables 11.1A and 11.2, pp. 11.18–11.20.","""The total quantity of sustainably harvestable crop residue in Ontario is 3.12 million tonne/year, which is approximately 20% of total above-ground crop residues produced annually in the province."" ((Western Sarnia Lambton Research Park, 2012, p. 6). Western Sarnia-Lambton Research Park. (2012, August). Biomass crop residues availability for bio-processing in Ontario. Report prepared for the Ontario Federation of Agriculture.",2025-09-06,2025-09-08
RED CLOVER (SEED),0.3,0.2,N-fixing forage,N-fixing forage default,"Intergovernmental Panel on Climate Change. (2019). 2019 Refinement to the 2006 IPCC Guidelines for National Greenhouse Gas Inventories: Volume 4 – Agriculture, Forestry and Other Land Use. Chapter 11, Tables 11.1A and 11.2, pp. 11.18–11.20.","""The total quantity of sustainably harvestable crop residue in Ontario is 3.12 million tonne/year, which is approximately 20% of total above-ground crop residues produced annually in the province."" ((Western Sarnia Lambton Research Park, 2012, p. 6). Western Sarnia-Lambton Research Park. (2012, August). Biomass crop residues availability for bio-processing in Ontario. Report prepared for the Ontario Federation of Agriculture.",2025-09-06,2025-09-08
SAINFOIN (FORAGE),0.3,0.2,N-fixing forage,N-fixing forage default,"Intergovernmental Panel on Climate Change. (2019). 2019 Refinement to the 2006 IPCC Guidelines for National Greenhouse Gas Inventories: Volume 4 – Agriculture, Forestry and Other Land Use. Chapter 11, Tables 11.1A and 11.2, pp. 11.18–11.20.","""The total quantity of sustainably harvestable crop residue in Ontario is 3.12 million tonne/year, which is approximately 20% of total above-ground crop residues produced annually in the province."" ((Western Sarnia Lambton Research Park, 2012, p. 6). Western Sarnia-Lambton Research Park. (2012, August). Biomass crop residues availability for bio-processing in Ontario. Report prepared for the Ontario Federation of Agriculture.",2025-09-06,2025-09-08
SPRING GRASS EST OPT,0.3,0.2,Perennial grasses,Perennial grass species; uses IPCC perennial grass default ,"Intergovernmental Panel on Climate Change. (2019). 2019 Refinement to the 2006 IPCC Guidelines for National Greenhouse Gas Inventories: Volume 4 – Agriculture, Forestry and Other Land Use. Chapter 11, Tables 11.1A and 11.2, pp. 11.18–11.20.","""The total quantity of sustainably harvestable crop residue in Ontario is 3.12 million tonne/year, which is approximately 20% of total above-ground crop residues produced annually in the province."" ((Western Sarnia Lambton Research Park, 2012, p. 6). Western Sarnia-Lambton Research Park. (2012, August). Biomass crop residues availability for bio-processing in Ontario. Report prepared for the Ontario Federation of Agriculture.",2025-09-06,2025-09-08
SPRING GRASS EST OPT,0.3,0.2,Perennial grasses,Perennial grass species; uses IPCC perennial grass default ,"Intergovernmental Panel on Climate Change. (2019). 2019 Refinement to the 2006 IPCC Guidelines for National Greenhouse Gas Inventories: Volume 4 – Agriculture, Forestry and Other Land Use. Chapter 11, Tables 11.1A and 11.2, pp. 11.18–11.20.","""The total quantity of sustainably harvestable crop residue in Ontario is 3.12 million tonne/year, which is approximately 20% of total above-ground crop residues produced annually in the province."" ((Western Sarnia Lambton Research Park, 2012, p. 6). Western Sarnia-Lambton Research Park. (2012, August). Biomass crop residues availability for bio-processing in Ontario. Report prepared for the Ontario Federation of Agriculture.",2025-09-06,2025-09-08
SPRING TIMOTHY EST O,0.3,0.2,Perennial grasses,Perennial grass species; uses IPCC perennial grass default ,"Intergovernmental Panel on Climate Change. (2019). 2019 Refinement to the 2006 IPCC Guidelines for National Greenhouse Gas Inventories: Volume 4 – Agriculture, Forestry and Other Land Use. Chapter 11, Tables 11.1A and 11.2, pp. 11.18–11.20.","""The total quantity of sustainably harvestable crop residue in Ontario is 3.12 million tonne/year, which is approximately 20% of total above-ground crop residues produced annually in the province."" ((Western Sarnia Lambton Research Park, 2012, p. 6). Western Sarnia-Lambton Research Park. (2012, August). Biomass crop residues availability for bio-processing in Ontario. Report prepared for the Ontario Federation of Agriculture.",2025-09-06,2025-09-08
SPRING TIMOTHY EST O,0.3,0.2,Perennial grasses,Perennial grass species; uses IPCC perennial grass default ,"Intergovernmental Panel on Climate Change. (2019). 2019 Refinement to the 2006 IPCC Guidelines for National Greenhouse Gas Inventories: Volume 4 – Agriculture, Forestry and Other Land Use. Chapter 11, Tables 11.1A and 11.2, pp. 11.18–11.20.","""The total quantity of sustainably harvestable crop residue in Ontario is 3.12 million tonne/year, which is approximately 20% of total above-ground crop residues produced annually in the province."" ((Western Sarnia Lambton Research Park, 2012, p. 6). Western Sarnia-Lambton Research Park. (2012, August). Biomass crop residues availability for bio-processing in Ontario. Report prepared for the Ontario Federation of Agriculture.",2025-09-06,2025-09-08
SWEET CLOVER (SEED),0.3,0.2,N-fixing forage,N-fixing forage default,"Intergovernmental Panel on Climate Change. (2019). 2019 Refinement to the 2006 IPCC Guidelines for National Greenhouse Gas Inventories: Volume 4 – Agriculture, Forestry and Other Land Use. Chapter 11, Tables 11.1A and 11.2, pp. 11.18–11.20.","""The total quantity of sustainably harvestable crop residue in Ontario is 3.12 million tonne/year, which is approximately 20% of total above-ground crop residues produced annually in the province."" ((Western Sarnia Lambton Research Park, 2012, p. 6). Western Sarnia-Lambton Research Park. (2012, August). Biomass crop residues availability for bio-processing in Ontario. Report prepared for the Ontario Federation of Agriculture.",2025-09-06,2025-09-08
SWEET CLOVER EST OPT,0.3,0.2,N-fixing forage,N-fixing forage default,"Intergovernmental Panel on Climate Change. (2019). 2019 Refinement to the 2006 IPCC Guidelines for National Greenhouse Gas Inventories: Volume 4 – Agriculture, Forestry and Other Land Use. Chapter 11, Tables 11.1A and 11.2, pp. 11.18–11.20.","""The total quantity of sustainably harvestable crop residue in Ontario is 3.12 million tonne/year, which is approximately 20% of total above-ground crop residues produced annually in the province."" ((Western Sarnia Lambton Research Park, 2012, p. 6). Western Sarnia-Lambton Research Park. (2012, August). Biomass crop residues availability for bio-processing in Ontario. Report prepared for the Ontario Federation of Agriculture.",2025-09-06,2025-09-08
TALL FESCUE SEED,0.3,0.2,Perennial grasses,Perennial grass species; uses IPCC perennial grass default ,"Intergovernmental Panel on Climate Change. (2019). 2019 Refinement to the 2006 IPCC Guidelines for National Greenhouse Gas Inventories: Volume 4 – Agriculture, Forestry and Other Land Use. Chapter 11, Tables 11.1A and 11.2, pp. 11.18–11.20.","""The total quantity of sustainably harvestable crop residue in Ontario is 3.12 million tonne/year, which is approximately 20% of total above-ground crop residues produced annually in the province."" ((Western Sarnia Lambton Research Park, 2012, p. 6). Western Sarnia-Lambton Research Park. (2012, August). Biomass crop residues availability for bio-processing in Ontario. Report prepared for the Ontario Federation of Agriculture.",2025-09-06,2025-09-08
TIMOTHY SEED COMMON,0.3,0.2,Perennial grasses,Perennial grass species; uses IPCC perennial grass default ,"Intergovernmental Panel on Climate Change. (2019). 2019 Refinement to the 2006 IPCC Guidelines for National Greenhouse Gas Inventories: Volume 4 – Agriculture, Forestry and Other Land Use. Chapter 11, Tables 11.1A and 11.2, pp. 11.18–11.20.","""The total quantity of sustainably harvestable crop residue in Ontario is 3.12 million tonne/year, which is approximately 20% of total above-ground crop residues produced annually in the province."" ((Western Sarnia Lambton Research Park, 2012, p. 6). Western Sarnia-Lambton Research Park. (2012, August). Biomass crop residues availability for bio-processing in Ontario. Report prepared for the Ontario Federation of Agriculture.",2025-09-06,2025-09-08
ALFALFA,0.29,0.2,Alfalfa,Explicit alfalfa entry,"Intergovernmental Panel on Climate Change. (2019). 2019 Refinement to the 2006 IPCC Guidelines for National Greenhouse Gas Inventories: Volume 4 – Agriculture, Forestry and Other Land Use. Chapter 11, Tables 11.1A and 11.2, pp. 11.18–11.20.","""The total quantity of sustainably harvestable crop residue in Ontario is 3.12 million tonne/year, which is approximately 20% of total above-ground crop residues produced annually in the province."" ((Western Sarnia Lambton Research Park, 2012, p. 6). Western Sarnia-Lambton Research Park. (2012, August). Biomass crop residues availability for bio-processing in Ontario. Report prepared for the Ontario Federation of Agriculture.",2025-09-06,2025-09-08
ALFALFA SEED EST OPT,0.29,0.2,Alfalfa,Explicit alfalfa entry,"Intergovernmental Panel on Climate Change. (2019). 2019 Refinement to the 2006 IPCC Guidelines for National Greenhouse Gas Inventories: Volume 4 – Agriculture, Forestry and Other Land Use. Chapter 11, Tables 11.1A and 11.2, pp. 11.18–11.20.","""The total quantity of sustainably harvestable crop residue in Ontario is 3.12 million tonne/year, which is approximately 20% of total above-ground crop residues produced annually in the province."" ((Western Sarnia Lambton Research Park, 2012, p. 6). Western Sarnia-Lambton Research Park. (2012, August). Biomass crop residues availability for bio-processing in Ontario. Report prepared for the Ontario Federation of Agriculture.",2025-09-06,2025-09-08
ALFALFA SEED EST OPT,0.29,0.2,Alfalfa,Explicit alfalfa entry,"Intergovernmental Panel on Climate Change. (2019). 2019 Refinement to the 2006 IPCC Guidelines for National Greenhouse Gas Inventories: Volume 4 – Agriculture, Forestry and Other Land Use. Chapter 11, Tables 11.1A and 11.2, pp. 11.18–11.20.","""The total quantity of sustainably harvestable crop residue in Ontario is 3.12 million tonne/year, which is approximately 20% of total above-ground crop residues produced annually in the province."" ((Western Sarnia Lambton Research Park, 2012, p. 6). Western Sarnia-Lambton Research Park. (2012, August). Biomass crop residues availability for bio-processing in Ontario. Report prepared for the Ontario Federation of Agriculture.",2025-09-07,2025-09-08
COMMON ALFALFA SEED,0.29,0.2,Alfalfa,Explicit alfalfa entry,"Intergovernmental Panel on Climate Change. (2019). 2019 Refinement to the 2006 IPCC Guidelines for National Greenhouse Gas Inventories: Volume 4 – Agriculture, Forestry and Other Land Use. Chapter 11, Tables 11.1A and 11.2, pp. 11.18–11.20.","""The total quantity of sustainably harvestable crop residue in Ontario is 3.12 million tonne/year, which is approximately 20% of total above-ground crop residues produced annually in the province."" ((Western Sarnia Lambton Research Park, 2012, p. 6). Western Sarnia-Lambton Research Park. (2012, August). Biomass crop residues availability for bio-processing in Ontario. Report prepared for the Ontario Federation of Agriculture.",2025-09-07,2025-09-08
PED. ALFALFA SEED,0.29,0.2,Alfalfa,Explicit alfalfa entry,"Intergovernmental Panel on Climate Change. (2019). 2019 Refinement to the 2006 IPCC Guidelines for National Greenhouse Gas Inventories: Volume 4 – Agriculture, Forestry and Other Land Use. Chapter 11, Tables 11.1A and 11.2, pp. 11.18–11.20.","""The total quantity of sustainably harvestable crop residue in Ontario is 3.12 million tonne/year, which is approximately 20% of total above-ground crop residues produced annually in the province."" ((Western Sarnia Lambton Research Park, 2012, p. 6). Western Sarnia-Lambton Research Park. (2012, August). Biomass crop residues availability for bio-processing in Ontario. Report prepared for the Ontario Federation of Agriculture.",2025-09-07,2025-09-08
COARSE HAY,0.18,0.2,Non-legume hay,Generic grass hay; non-legume hay category,"Intergovernmental Panel on Climate Change. (2019). 2019 Refinement to the 2006 IPCC Guidelines for National Greenhouse Gas Inventories: Volume 4 – Agriculture, Forestry and Other Land Use. Chapter 11, Tables 11.1A and 11.2, pp. 11.18–11.20.","""The total quantity of sustainably harvestable crop residue in Ontario is 3.12 million tonne/year, which is approximately 20% of total above-ground crop residues produced annually in the province."" ((Western Sarnia Lambton Research Park, 2012, p. 6). Western Sarnia-Lambton Research Park. (2012, August). Biomass crop residues availability for bio-processing in Ontario. Report prepared for the Ontario Federation of Agriculture.",2025-09-06,2025-09-08
INTERCROP MIXTURE,1,0.2,Generic value for crops not indicated below,generic crop default,"Intergovernmental Panel on Climate Change. (2019). 2019 Refinement to the 2006 IPCC Guidelines for National Greenhouse Gas Inventories: Volume 4 – Agriculture, Forestry and Other Land Use. Chapter 11, Tables 11.1A and 11.2, pp. 11.18–11.20.","""The total quantity of sustainably harvestable crop residue in Ontario is 3.12 million tonne/year, which is approximately 20% of total above-ground crop residues produced annually in the province."" ((Western Sarnia Lambton Research Park, 2012, p. 6). Western Sarnia-Lambton Research Park. (2012, August). Biomass crop residues availability for bio-processing in Ontario. Report prepared for the Ontario Federation of Agriculture.",2025-09-06,2025-09-08
MIXED GRAIN,1.3,0.2,Generic Grains,generic grains,"Intergovernmental Panel on Climate Change. (2019). 2019 Refinement to the 2006 IPCC Guidelines for National Greenhouse Gas Inventories: Volume 4 – Agriculture, Forestry and Other Land Use. Chapter 11, Tables 11.1A and 11.2, pp. 11.18–11.20.","""The total quantity of sustainably harvestable crop residue in Ontario is 3.12 million tonne/year, which is approximately 20% of total above-ground crop residues produced annually in the province."" ((Western Sarnia Lambton Research Park, 2012, p. 6). Western Sarnia-Lambton Research Park. (2012, August). Biomass crop residues availability for bio-processing in Ontario. Report prepared for the Ontario Federation of Agriculture.",2025-09-06,2025-09-08
SWEET CLOVER,0.3,0.2,N-fixing forages,Legume forage; N-fixing forage value,"Intergovernmental Panel on Climate Change. (2019). 2019 Refinement to the 2006 IPCC Guidelines for National Greenhouse Gas Inventories: Volume 4 – Agriculture, Forestry and Other Land Use. Chapter 11, Tables 11.1A and 11.2, pp. 11.18–11.20.","""The total quantity of sustainably harvestable crop residue in Ontario is 3.12 million tonne/year, which is approximately 20% of total above-ground crop residues produced annually in the province."" ((Western Sarnia Lambton Research Park, 2012, p. 6). Western Sarnia-Lambton Research Park. (2012, August). Biomass crop residues availability for bio-processing in Ontario. Report prepared for the Ontario Federation of Agriculture.",2025-09-06,2025-09-08
RUTABAGAS,0.4,0.2,Potatoes and Tubers,Root crop analogous to potatoes,"Intergovernmental Panel on Climate Change. (2019). 2019 Refinement to the 2006 IPCC Guidelines for National Greenhouse Gas Inventories: Volume 4 – Agriculture, Forestry and Other Land Use. Chapter 11, Tables 11.1A and 11.2, pp. 11.18–11.20.","""The total quantity of sustainably harvestable crop residue in Ontario is 3.12 million tonne/year, which is approximately 20% of total above-ground crop residues produced annually in the province."" ((Western Sarnia Lambton Research Park, 2012, p. 6). Western Sarnia-Lambton Research Park. (2012, August). Biomass crop residues availability for bio-processing in Ontario. Report prepared for the Ontario Federation of Agriculture.",2025-09-06,2025-09-08
PARSNIPS,1.07,0.2,"Root crops, other",Root vegetables; IPCC root-crops-other,"Intergovernmental Panel on Climate Change. (2019). 2019 Refinement to the 2006 IPCC Guidelines for National Greenhouse Gas Inventories: Volume 4 – Agriculture, Forestry and Other Land Use. Chapter 11, Tables 11.1A and 11.2, pp. 11.18–11.20.","""The total quantity of sustainably harvestable crop residue in Ontario is 3.12 million tonne/year, which is approximately 20% of total above-ground crop residues produced annually in the province."" ((Western Sarnia Lambton Research Park, 2012, p. 6). Western Sarnia-Lambton Research Park. (2012, August). Biomass crop residues availability for bio-processing in Ontario. Report prepared for the Ontario Federation of Agriculture.",2025-09-06,2025-09-08
CARROTS,1.07,0.2,"Root crops, other",Root vegetables; IPCC root-crops-other,"Intergovernmental Panel on Climate Change. (2019). 2019 Refinement to the 2006 IPCC Guidelines for National Greenhouse Gas Inventories: Volume 4 – Agriculture, Forestry and Other Land Use. Chapter 11, Tables 11.1A and 11.2, pp. 11.18–11.20.","""The total quantity of sustainably harvestable crop residue in Ontario is 3.12 million tonne/year, which is approximately 20% of total above-ground crop residues produced annually in the province."" ((Western Sarnia Lambton Research Park, 2012, p. 6). Western Sarnia-Lambton Research Park. (2012, August). Biomass crop residues availability for bio-processing in Ontario. Report prepared for the Ontario Federation of Agriculture.",2025-09-07,2025-09-08
CANARYSEED,1.3,0.2,Generic Grains,generic grains,"Intergovernmental Panel on Climate Change. (2019). 2019 Refinement to the 2006 IPCC Guidelines for National Greenhouse Gas Inventories: Volume 4 – Agriculture, Forestry and Other Land Use. Chapter 11, Tables 11.1A and 11.2, pp. 11.18–11.20.","""The total quantity of sustainably harvestable crop residue in Ontario is 3.12 million tonne/year, which is approximately 20% of total above-ground crop residues produced annually in the province."" ((Western Sarnia Lambton Research Park, 2012, p. 6). Western Sarnia-Lambton Research Park. (2012, August). Biomass crop residues availability for bio-processing in Ontario. Report prepared for the Ontario Federation of Agriculture.",2025-09-07,2025-09-08
CARAWAY,1.3,0.2,Generic Grains,generic grains,"Intergovernmental Panel on Climate Change. (2019). 2019 Refinement to the 2006 IPCC Guidelines for National Greenhouse Gas Inventories: Volume 4 – Agriculture, Forestry and Other Land Use. Chapter 11, Tables 11.1A and 11.2, pp. 11.18–11.20.","""The total quantity of sustainably harvestable crop residue in Ontario is 3.12 million tonne/year, which is approximately 20% of total above-ground crop residues produced annually in the province."" ((Western Sarnia Lambton Research Park, 2012, p. 6). Western Sarnia-Lambton Research Park. (2012, August). Biomass crop residues availability for bio-processing in Ontario. Report prepared for the Ontario Federation of Agriculture.",2025-09-06,2025-09-08
COOKING ONIONS,0.4,0.2,Potatoes and tubers,Bulb crop; IPCC tuber analog,"Intergovernmental Panel on Climate Change. (2019). 2019 Refinement to the 2006 IPCC Guidelines for National Greenhouse Gas Inventories: Volume 4 – Agriculture, Forestry and Other Land Use. Chapter 11, Tables 11.1A and 11.2, pp. 11.18–11.20.","""The total quantity of sustainably harvestable crop residue in Ontario is 3.12 million tonne/year, which is approximately 20% of total above-ground crop residues produced annually in the province."" ((Western Sarnia Lambton Research Park, 2012, p. 6). Western Sarnia-Lambton Research Park. (2012, August). Biomass crop residues availability for bio-processing in Ontario. Report prepared for the Ontario Federation of Agriculture.",2025-09-06,2025-09-08
CUCUMBERS,1,0.2,Generic value for crops not indicated below,generic crop default,"Intergovernmental Panel on Climate Change. (2019). 2019 Refinement to the 2006 IPCC Guidelines for National Greenhouse Gas Inventories: Volume 4 – Agriculture, Forestry and Other Land Use. Chapter 11, Tables 11.1A and 11.2, pp. 11.18–11.20.","""The total quantity of sustainably harvestable crop residue in Ontario is 3.12 million tonne/year, which is approximately 20% of total above-ground crop residues produced annually in the province."" ((Western Sarnia Lambton Research Park, 2012, p. 6). Western Sarnia-Lambton Research Park. (2012, August). Biomass crop residues availability for bio-processing in Ontario. Report prepared for the Ontario Federation of Agriculture.",2025-09-07,2025-09-08
PHACELIA,0.3,0.2,N-fixing forage,Forage cover crop; treated as N-fixing forage,"Intergovernmental Panel on Climate Change. (2019). 2019 Refinement to the 2006 IPCC Guidelines for National Greenhouse Gas Inventories: Volume 4 – Agriculture, Forestry and Other Land Use. Chapter 11, Tables 11.1A and 11.2, pp. 11.18–11.20.","""The total quantity of sustainably harvestable crop residue in Ontario is 3.12 million tonne/year, which is approximately 20% of total above-ground crop residues produced annually in the province."" ((Western Sarnia Lambton Research Park, 2012, p. 6). Western Sarnia-Lambton Research Park. (2012, August). Biomass crop residues availability for bio-processing in Ontario. Report prepared for the Ontario Federation of Agriculture.",2025-09-07,2025-09-08
,,,,,,,,
,,,,,,,,
,,,,,,,,
,,,,,,,,
,,,,,,,,
,,,,,,,,
,,,,,,,,
,,,,,,,,
,,,,,,,,
,,,,,,,,
,,,,,,,,
,,,,,,,,
,,,,,,,,
,,,,,,,,
,,,,,,,,
,,,,,,,,
,,,,,,,,
,,,,,,,,
,,,,,,,,
,,,,,,,,
,,,,,,,,
,,,,,,,,
,,,,,,,,
,,,,,,,,
,,,,,,,,
,,,,,,,,
,,,,,,,,
,,,,,,,,
,,,,,,,,
,,,,,,,,
,,,,,,,,
,,,,,,,,
,,,,,,,,
,,,,,,,,
,,,,,,,,
,,,,,,,,
,,,,,,,,
,,,,,,,,
,,,,,,,,
,,,,,,,,
,,,,,,,,
,,,,,,,,
,,,,,,,,
,,,,,,,,
,,,,,,,,
,,,,,,,,
,,,,,,,,
,,,,,,,,
,,,,,,,,
,,,,,,,,
,,,,,,,,
,,,,,,,,
,,,,,,,,
,,,,,,,,
,,,,,,,,
,,,,,,,,
,,,,,,,,
,,,,,,,,
,,,,,,,,
,,,,,,,,
,,,,,,,,
,,,,,,,,
,,,,,,,,
,,,,,,,,
,,,,,,,,
,,,,,,,,
,,,,,,,,
,,,,,,,,
,,,,,,,,
,,,,,,,,
,,,,,,,,
,,,,,,,,
,,,,,,,,
,,,,,,,,
,,,,,,,,
,,,,,,,,
,,,,,,,,
,,,,,,,,
,,,,,,,,
,,,,,,,,
,,,,,,,,
,,,,,,,,
,,,,,,,,
,,,,,,,,
,,,,,,,,
,,,,,,,,
,,,,,,,,
,,,,,,,,
,,,,,,,,
,,,,,,,,
,,,,,,,,
,,,,,,,,
,,,,,,,,
,,,,,,,,
,,,,,,,,
,,,,,,,,
,,,,,,,,
,,,,,,,,
,,,,,,,,
,,,,,,,,
,,,,,,,,
,,,,,,,,
,,,,,,,,
,,,,,,,,
,,,,,,,,
,,,,,,,,
,,,,,,,,
,,,,,,,,